WKT,name,description
"POLYGON ((106.7607609 -6.361137, 106.7484012 -6.3631842, 106.7484012 -6.3802443, 106.7456547 -6.3986686, 106.7422214 -6.4129981, 106.7360416 -6.4129981, 106.7367283 -6.4334682, 106.7394748 -6.4505259, 106.7758671 -6.4505259, 106.7937198 -6.4634894, 106.810886 -6.4750881, 106.8376652 -6.4764526, 106.8678776 -6.4771348, 106.876804 -6.4662185, 106.886417 -6.4471144, 106.8939701 -6.4225509, 106.8925968 -6.393892, 106.8802372 -6.3857034, 106.7607609 -6.361137))",Kota Administrasi Depok, Jawa Barat,
